timestamp,mocap_x(ned),mocap_y(ned),mocap_z(ned),mocap_vx(ned),mocap_vy(ned),mocap_vz(ned),mocap_ax(ned),mocap_ay(ned),mocap_az(ned),mocap_q_w,mocap_q_x,mocap_q_y,mocap_q_z,pos_d_x,pos_d_y,pos_d_z,vel_d_x,vel_d_y,vel_d_z,acc_d_x,acc_d_y,acc_d_z,ref_mask
1524969723737498038,0.135698,1.06922,-0.131717,0,0,0,0,0,0,-0.934396,0.00298809,-0.000964185,0.356222,1,0,-0.5,0,0,0,0,0,0,1
1524969723747560068,0.135696,1.0692,-0.131719,-0.000257013,-0.00191718,-0.00013198,0,0,0,-0.934374,0.00300715,-0.00105207,0.356281,1,0,-0.5,0,0,0,0,0,0,1
1524969723757460429,0.135623,1.06954,-0.132608,0.0197365,-0.0436768,0.106744,1.17146,-2.44679,6.2621,-0.933806,-0.00959659,-0.00694311,0.357583,1,0,-0.5,0,0,0,0,0,0,1
1524969723767380704,0.135448,1.06992,-0.133533,0.0197365,-0.0436768,0.106744,1.17146,-2.44679,6.2621,-0.934897,-0.00763232,-0.0274342,0.353775,1,0,-0.5,0,0,0,0,0,0,1
1524969723777373958,0.13562,1.06953,-0.1326,-0.000141811,-0.00092223,0.000497711,1.17146,-2.44679,6.2621,-0.933814,-0.00963593,-0.00673586,0.357565,1,0,-0.5,0,0,0,0,0,0,1
1524969723787363678,0.135526,1.06981,-0.133518,-0.0111965,0.0335841,-0.10876,-1.25129,3.12534,-8.7175,-0.935359,-0.00761195,-0.0291834,0.352411,1,0,-0.5,0,0,0,0,0,0,1
1524969723797351453,0.135518,1.06963,-0.132696,-0.000961288,-0.0207144,0.0972012,-1.25129,3.12534,-8.7175,-0.935635,0.00295532,-0.0195933,0.352412,1,0,-0.5,0,0,0,0,0,0,1
1524969723807395715,0.135626,1.06959,-0.132802,0.00634173,-0.00254476,-0.00619101,0.689044,-1.41944,4.02973,-0.935972,0.0011834,-0.0214683,0.351418,1,0,-0.5,0,0,0,0,0,0,1
1524969723817318988,0.135704,1.06922,-0.131716,0.00634173,-0.00254476,-0.00619101,0.689044,-1.41944,4.02973,-0.934386,0.00293328,-0.000883805,0.35625,1,0,-0.5,0,0,0,0,0,0,1
1524969723827377533,0.135625,1.06952,-0.132617,-3.7925e-05,-0.0043512,0.011445,0.689044,-1.41944,4.02973,-0.9338,-0.00974545,-0.00673818,0.357599,1,0,-0.5,0,0,0,0,0,0,1
1524969723837367309,0.135525,1.06963,-0.132713,-0.0118739,0.012916,-0.0113351,-0.742963,0.630598,-0.209814,-0.935681,0.0028618,-0.0193161,0.352307,1,0,-0.5,0,0,0,0,0,0,1
1524969723847371328,0.135716,1.06922,-0.131707,-0.0118739,0.012916,-0.0113351,-0.742963,0.630598,-0.209814,-0.934387,0.00300971,-0.000940729,0.356247,1,0,-0.5,0,0,0,0,0,0,1
1524969723857368169,0.135622,1.06954,-0.13261,-0.00037057,0.000983569,0.000367107,1.06849,-1.12227,1.03464,-0.933795,-0.00969017,-0.00699519,0.35761,1,0,-0.5,0,0,0,0,0,0,1
1524969723867380268,0.135509,1.06964,-0.132701,-0.00037057,0.000983569,0.000367107,-0.378438,0.406385,-0.332978,-0.935667,0.00298601,-0.019591,0.352327,1,0,-0.5,0,0,0,0,0,0,1
1524969723877367609,0.135711,1.06921,-0.131712,0.0054249,-0.02039,0.0550657,-0.378438,0.406385,-0.332978,-0.934397,0.00310911,-0.000918392,0.356219,1,0,-0.5,0,0,0,0,0,0,1
1524969723887351356,0.135708,1.06921,-0.131715,-0.000359974,0.000465848,-0.000303507,-0.378438,0.406385,-0.332978,-0.9344,0.00296781,-0.000990556,0.356211,1,0,-0.5,0,0,0,0,0,0,1
1524969723897336035,0.135633,1.06952,-0.13262,-0.000359974,0.000465848,-0.000303507,0.000428048,-0.0209135,-0.0270897,-0.933803,-0.00961503,-0.00694359,0.357592,1,0,-0.5,0,0,0,0,0,0,1
1524969723907361435,0.135629,1.06953,-0.132605,0.0219713,-0.0447005,0.110671,1.32671,-2.68335,6.59304,-0.933815,-0.00968683,-0.00716017,0.357552,1,0,-0.5,0,0,0,0,0,0,1
1524969723917504291,0.135513,1.06965,-0.132703,0.0219713,-0.0447005,0.110671,1.32671,-2.68335,6.59304,-0.935671,0.00292199,-0.019494,0.352323,1,0,-0.5,0,0,0,0,0,0,1
1524969723927394276,0.13552,1.06963,-0.132706,-0.00662968,0.00612082,-0.00614337,1.32671,-2.68335,6.59304,-0.935652,0.00296715,-0.0192955,0.352384,1,0,-0.5,0,0,0,0,0,0,1
1524969723937319529,0.135634,1.06954,-0.132613,-0.00662968,0.00612082,-0.00614337,-1.1573,2.05642,-4.72675,-0.933813,-0.00957674,-0.0068583,0.357567,1,0,-0.5,0,0,0,0,0,0,1
1524969723947355755,0.135706,1.06923,-0.13171,0.0112214,-0.0246229,0.060079,-1.1573,2.05642,-4.72675,-0.934395,0.00294155,-0.00104106,0.356225,1,0,-0.5,0,0,0,0,0,0,1
1524969723957369292,0.135718,1.06923,-0.131708,0.0327697,-0.077342,0.206127,-1.5749,4.55937,-12.5704,-0.934414,0.00300862,-0.000954466,0.356176,1,0,-0.5,0,0,0,0,0,0,1
1524969723967359456,0.135432,1.06993,-0.133535,0.0327697,-0.077342,0.206127,-1.5749,4.55937,-12.5704,-0.934917,-0.0077259,-0.0276337,0.353705,1,0,-0.5,0,0,0,0,0,0,1
1524969723977315569,0.135703,1.06923,-0.131715,-0.000918174,-0.00038507,-0.000444102,1.27267,-3.28689,8.57705,-0.934401,0.0031293,-0.000860328,0.356209,1,0,-0.5,0,0,0,0,0,0,1
1524969723987366098,0.135438,1.06992,-0.133523,-0.000918174,-0.00038507,-0.000444102,1.27267,-3.28689,8.57705,-0.934897,-0.00759941,-0.027284,0.353788,1,0,-0.5,0,0,0,0,0,0,1
1524969723997357785,0.135512,1.06964,-0.132709,-0.0117616,0.02523,-0.0609977,1.27267,-3.28689,8.57705,-0.935683,0.00298507,-0.0192291,0.352304,1,0,-0.5,0,0,0,0,0,0,1
1524969724007365297,0.13545,1.06992,-0.133534,0.0224679,-0.0466806,0.111128,0.924595,-1.83034,4.41112,-0.93492,-0.00753856,-0.0275504,0.353708,1,0,-0.5,0,0,0,0,0,0,1
1524969724017350237,0.135613,1.06953,-0.132611,-0.0062516,0.019372,-0.0561355,0.924595,-1.83034,4.41112,-0.9338,-0.00963254,-0.00677162,0.357601,1,0,-0.5,0,0,0,0,0,0,1
1524969724027390953,0.135716,1.06923,-0.131703,0.0122454,-0.0361225,0.108699,-0.418403,0.432136,-0.0993995,-0.934391,0.00308786,-0.000776253,0.356235,1,0,-0.5,0,0,0,0,0,0,1
1524969724037308694,0.135648,1.06952,-0.132629,-0.00786523,0.0342946,-0.107605,-0.418403,0.432136,-0.0993995,-0.933792,-0.00963286,-0.00706905,0.357617,1,0,-0.5,0,0,0,0,0,0,1
1524969724047368031,0.13562,1.06952,-0.132612,-0.00786523,0.0342946,-0.107605,-1.19346,4.17889,-12.8366,-0.933802,-0.00971659,-0.00675053,0.357594,1,0,-0.5,0,0,0,0,0,0,1
1524969724057356061,0.13563,1.06951,-0.132616,-0.000848614,-0.00235591,-0.000503593,0.417331,-2.17988,6.37015,-0.933739,-0.00973029,-0.00676864,0.357759,1,0,-0.5,0,0,0,0,0,0,1
1524969724067371503,0.13563,1.06954,-0.132601,-0.000848614,-0.00235591,-0.000503593,0.417331,-2.17988,6.37015,-0.933805,-0.00968742,-0.00688297,0.357586,1,0,-0.5,0,0,0,0,0,0,1
1524969724077376753,0.135445,1.06992,-0.133544,-0.0113126,0.0250729,-0.0568805,0.417331,-2.17988,6.37015,-0.934915,-0.00755117,-0.0274035,0.35373,1,0,-0.5,0,0,0,0,0,0,1
1524969724087345110,0.135633,1.06955,-0.132602,0.0212298,-0.0421774,0.106204,0.876162,-1.58028,4.23461,-0.933813,-0.00955859,-0.00684931,0.357569,1,0,-0.5,0,0,0,0,0,0,1
1524969724097357607,0.135454,1.06992,-0.133522,0.0212298,-0.0421774,0.106204,0.876162,-1.58028,4.23461,-0.934937,-0.00738247,-0.0271805,0.353693,1,0,-0.5,0,0,0,0,0,0,1
1524969724107348042,0.135731,1.06923,-0.131723,0.0124385,-0.0352548,0.103193,-0.353552,0.2784,-0.121092,-0.934413,0.00310071,-0.00107434,0.356177,1,0,-0.5,0,0,0,0,0,0,1
1524969724117340580,0.135502,1.06963,-0.132716,0.0124385,-0.0352548,0.103193,-0.353552,0.2784,-0.121092,-0.935654,0.00314549,-0.0191759,0.352384,1,0,-0.5,0,0,0,0,0,0,1
1524969724127343495,0.135623,1.06953,-0.132602,-0.00655605,0.017773,-0.0535284,-0.353552,0.2784,-0.121092,-0.933838,-0.00939609,-0.0066334,0.357512,1,0,-0.5,0,0,0,0,0,0,1
1524969724137309841,0.135624,1.06951,-0.132619,4.26014e-05,-0.00168986,-0.00205552,-0.499276,1.35191,-4.23916,-0.933818,-0.00942914,-0.00670756,0.357563,1,0,-0.5,0,0,0,0,0,0,1
1524969724147363176,0.135689,1.06923,-0.131692,4.26014e-05,-0.00168986,-0.00205552,-0.499276,1.35191,-4.23916,-0.934388,0.0030314,-0.000579808,0.356243,1,0,-0.5,0,0,0,0,0,0,1
1524969724157356153,0.135462,1.06992,-0.133541,0.00151478,0.000696126,-0.00296741,0.0589979,0.0956185,-0.0365443,-0.934887,-0.00754385,-0.0274193,0.353804,1,0,-0.5,0,0,0,0,0,0,1
1524969724167361701,0.135819,1.06909,-0.131702,0.00151478,0.000696126,-0.00296741,0.0589979,0.0956185,-0.0365443,-0.934893,0.00292835,-0.00182735,0.354913,1,0,-0.5,0,0,0,0,0,0,1
1524969724177369835,0.135705,1.0692,-0.131711,0.0145751,-0.0429657,0.109884,0.0589979,0.0956185,-0.0365443,-0.934394,0.00296823,-0.00098379,0.356227,1,0,-0.5,0,0,0,0,0,0,1
1524969724187357776,0.135625,1.06953,-0.132623,-0.00945179,0.0394002,-0.108845,-0.438026,1.54592,-4.22895,-0.933788,-0.00942835,-0.00686162,0.357637,1,0,-0.5,0,0,0,0,0,0,1
1524969724197324218,0.1357,1.06923,-0.131707,-0.00945179,0.0394002,-0.108845,-0.438026,1.54592,-4.22895,-0.934404,0.00288655,-0.000831063,0.356204,1,0,-0.5,0,0,0,0,0,0,1
1524969724207378907,0.135722,1.06941,-0.132585,0.00951473,-0.0153529,0.0038096,0.748381,-2.16045,4.44513,-0.934194,-0.00939423,-0.00717642,0.35657,1,0,-0.5,0,0,0,0,0,0,1
1524969724217369098,0.135619,1.06954,-0.132612,0.00951473,-0.0153529,0.0038096,0.748381,-2.16045,4.44513,-0.933793,-0.00968026,-0.00702766,0.357615,1,0,-0.5,0,0,0,0,0,0,1
1524969724227332785,0.135627,1.06953,-0.132602,-0.00593549,0.00737585,-0.00105898,0.748381,-2.16045,4.44513,-0.933784,-0.00966264,-0.00678367,0.357643,1,0,-0.5,0,0,0,0,0,0,1
1524969724237342534,0.135442,1.06992,-0.133531,-0.0221207,0.0472583,-0.111258,-1.29364,2.56031,-4.70537,-0.934888,-0.00758266,-0.027378,0.353804,1,0,-0.5,0,0,0,0,0,0,1
1524969724247375461,0.135634,1.06952,-0.13262,-0.0221207,0.0472583,-0.111258,-1.29364,2.56031,-4.70537,-0.933789,-0.00947896,-0.00678145,0.357635,1,0,-0.5,0,0,0,0,0,0,1
1524969724257364768,0.135447,1.06991,-0.133547,-0.0206433,0.0469076,-0.0962325,0.0585415,-0.013899,0.595366,-0.934892,-0.00760709,-0.0274332,0.353788,1,0,-0.5,0,0,0,0,0,0,1
1524969724267358911,0.135724,1.06923,-0.131725,-0.0206433,0.0469076,-0.0962325,0.0585415,-0.013899,0.595366,-0.934403,0.00310495,-0.00100528,0.356202,1,0,-0.5,0,0,0,0,0,0,1
1524969724277356333,0.135652,1.06954,-0.132618,0.0124245,-0.0225255,0.0561383,0.0585415,-0.013899,0.595366,-0.933791,-0.00954783,-0.00717532,0.35762,1,0,-0.5,0,0,0,0,0,0,1
1524969724287370900,0.135642,1.06955,-0.132613,0.0124245,-0.0225255,0.0561383,1.32998,-2.79258,6.12832,-0.93378,-0.00962575,-0.00705582,0.357648,1,0,-0.5,0,0,0,0,0,0,1
1524969724297353125,0.135444,1.06993,-0.133529,-0.0126742,0.023608,-0.0553646,1.32998,-2.79258,6.12832,-0.934881,-0.00761902,-0.0274308,0.353818,1,0,-0.5,0,0,0,0,0,0,1
1524969724307362189,0.135454,1.06992,-0.133536,-0.0212215,0.0461943,-0.1076,-1.33588,2.72846,-6.50107,-0.934901,-0.00749151,-0.0271847,0.353786,1,0,-0.5,0,0,0,0,0,0,1
1524969724317367122,0.135727,1.06924,-0.131731,-0.0212215,0.0461943,-0.1076,-1.33588,2.72846,-6.50107,-0.934405,0.00306539,-0.000844563,0.356198,1,0,-0.5,0,0,0,0,0,0,1
1524969724327332608,0.135719,1.0694,-0.132592,0.0157391,-0.0309903,0.056228,2.20025,-4.59476,9.7526,-0.934187,-0.00942936,-0.0073594,0.356582,1,0,-0.5,0,0,0,0,0,0,1
1524969724337308476,0.135439,1.06994,-0.133548,0.0157391,-0.0309903,0.056228,2.20025,-4.59476,9.7526,-0.934885,-0.00753407,-0.0275016,0.353803,1,0,-0.5,0,0,0,0,0,0,1
1524969724347375362,0.135519,1.06964,-0.132715,-0.0120444,0.0142815,-0.00743333,2.20025,-4.59476,9.7526,-0.93567,0.00300102,-0.0194238,0.352328,1,0,-0.5,0,0,0,0,0,0,1
1524969724357366965,0.135455,1.06993,-0.133522,-0.00383375,0.0175288,-0.0483641,-1.13097,1.84286,-2.59144,-0.93494,-0.00738605,-0.0272262,0.353683,1,0,-0.5,0,0,0,0,0,0,1
1524969724367362689,0.135447,1.06992,-0.133534,-0.00383375,0.0175288,-0.0483641,0.488221,0.19309,-2.43382,-0.934899,-0.00742802,-0.0272525,0.353789,1,0,-0.5,0,0,0,0,0,0,1
1524969724377340070,0.135731,1.06923,-0.131712,0.0168044,-0.0425655,0.110508,0.488221,0.19309,-2.43382,-0.934424,0.00317534,-0.000417988,0.356149,1,0,-0.5,0,0,0,0,0,0,1
1524969724387340798,0.13553,1.06965,-0.132707,0.0168044,-0.0425655,0.110508,0.488221,0.19309,-2.43382,-0.935641,0.00291943,-0.019416,0.352408,1,0,-0.5,0,0,0,0,0,0,1
1524969724397335454,0.135642,1.06953,-0.132608,-0.00536609,0.0181738,-0.0541217,-0.0618182,0.0260203,-0.232278,-0.933769,-0.0096008,-0.00700592,0.357679,1,0,-0.5,0,0,0,0,0,0,1
1524969724407327821,0.135534,1.06964,-0.132732,3.57279e-06,0.000114329,-0.00209365,0.321306,-1.08063,3.11322,-0.935675,0.00277125,-0.0193063,0.352325,1,0,-0.5,0,0,0,0,0,0,1
1524969724417326566,0.13564,1.06953,-0.132612,0.0123344,-0.0118454,0.0139118,0.321306,-1.08063,3.11322,-0.933808,-0.00956402,-0.00685724,0.357582,1,0,-0.5,0,0,0,0,0,0,1
1524969724427355024,0.135638,1.06952,-0.132602,0.0123344,-0.0118454,0.0139118,0.734465,-0.712364,0.95334,-0.933766,-0.00949254,-0.00682325,0.357692,1,0,-0.5,0,0,0,0,0,0,1
1524969724437360600,0.135489,1.0696,-0.132692,-0.00904373,0.00421317,-0.00478875,0.734465,-0.712364,0.95334,-0.935679,0.00325956,-0.0189545,0.352327,1,0,-0.5,0,0,0,0,0,0,1
1524969724447364710,0.135644,1.06954,-0.132629,-0.00904373,0.00421317,-0.00478875,-1.2719,0.955417,-1.1126,-0.933823,-0.00946419,-0.00689411,0.357545,1,0,-0.5,0,0,0,0,0,0,1
1524969724457361826,0.135728,1.06921,-0.131751,0.00986871,-0.00414479,0.00426012,-1.2719,0.955417,-1.1126,-0.934384,0.0030596,-0.000914246,0.356254,1,0,-0.5,0,0,0,0,0,0,1
1524969724467363269,0.135733,1.06922,-0.131742,0.00486139,-0.0191696,0.0542489,0.561273,-0.943833,2.38302,-0.93437,0.00307475,-0.00114783,0.356288,1,0,-0.5,0,0,0,0,0,0,1
1524969724477370045,0.135738,1.06922,-0.131737,0.000542537,7.06888e-05,0.000602622,0.561273,-0.943833,2.38302,-0.934407,0.00303556,-0.000877361,0.356194,1,0,-0.5,0,0,0,0,0,0,1
1524969724487327064,0.135652,1.06955,-0.132627,-0.0102757,0.0393101,-0.106708,-0.902223,3.4856,-9.59361,-0.933775,-0.00967593,-0.00702514,0.357661,1,0,-0.5,0,0,0,0,0,0,1
1524969724497342898,0.135625,1.06954,-0.132613,-0.0102757,0.0393101,-0.106708,-0.902223,3.4856,-9.59361,-0.933765,-0.0096666,-0.00681482,0.357692,1,0,-0.5,0,0,0,0,0,0,1
1524969724507376659,0.135636,1.06954,-0.132621,-0.0125166,0.0221158,-0.0544371,-0.0913661,-0.701037,2.13117,-0.933757,-0.00957989,-0.00682996,0.357714,1,0,-0.5,0,0,0,0,0,0,1
1524969724517351111,0.135733,1.06922,-0.131732,0.0169107,-0.0407915,0.105592,-0.0913661,-0.701037,2.13117,-0.934401,0.00292424,-0.00096395,0.356209,1,0,-0.5,0,0,0,0,0,0,1
1524969724527360233,0.13553,1.06964,-0.132707,0.0169107,-0.0407915,0.105592,1.71959,-3.67601,9.35135,-0.935659,0.00278707,-0.0191935,0.352373,1,0,-0.5,0,0,0,0,0,0,1
1524969724537434014,0.135642,1.06954,-0.132621,-0.00549756,0.0192653,-0.0536671,1.71959,-3.67601,9.35135,-0.933753,-0.00958871,-0.006775,0.357724,1,0,-0.5,0,0,0,0,0,0,1
1524969724547354339,0.135641,1.06955,-0.132624,-0.00549756,0.0192653,-0.0536671,1.71959,-3.67601,9.35135,-0.933779,-0.00952967,-0.00679574,0.35766,1,0,-0.5,0,0,0,0,0,0,1
1524969724557363082,0.135732,1.06922,-0.131736,-0.000173226,-7.14334e-06,-0.000259839,-0.682146,1.62848,-4.22657,-0.934443,0.00303384,-0.00103827,0.356098,1,0,-0.5,0,0,0,0,0,0,1
1524969724567537765,0.135627,1.06954,-0.132622,-0.000698411,-0.000426456,0.000196061,-0.682146,1.62848,-4.22657,-0.933751,-0.0095602,-0.00666841,0.357733,1,0,-0.5,0,0,0,0,0,0,1
1524969724577367808,0.135443,1.06992,-0.133551,-0.0219087,0.0461355,-0.110681,-0.873342,1.85404,-4.43679,-0.934912,-0.00755656,-0.0275425,0.353729,1,0,-0.5,0,0,0,0,0,0,1
1524969724587349437,0.135714,1.06924,-0.131723,0.0323244,-0.0820585,0.218608,-0.873342,1.85404,-4.43679,-0.934412,0.00306069,-0.000881619,0.356179,1,0,-0.5,0,0,0,0,0,0,1
1524969724597347191,0.135633,1.06954,-0.132632,-0.00957159,0.036344,-0.108431,0.737083,-0.584998,0.134454,-0.933794,-0.00966217,-0.00698315,0.357614,1,0,-0.5,0,0,0,0,0,0,1
1524969724607388374,0.135534,1.06965,-0.132703,-0.00590814,0.00614567,-0.00422161,0.217085,-1.78946,6.17511,-0.935648,0.00300112,-0.0191706,0.3524,1,0,-0.5,0,0,0,0,0,0,1
1524969724617506882,0.135714,1.06943,-0.13258,-0.00590814,0.00614567,-0.00422161,0.217085,-1.78946,6.17511,-0.934156,-0.00953819,-0.00743096,0.35666,1,0,-0.5,0,0,0,0,0,0,1
1524969724627394553,0.135458,1.06992,-0.133525,-0.00462269,0.0168466,-0.049927,0.217085,-1.78946,6.17511,-0.934926,-0.00746497,-0.0271871,0.353722,1,0,-0.5,0,0,0,0,0,0,1
1524969724637353974,0.135626,1.06954,-0.132608,-0.00462269,0.0168466,-0.049927,0.0523438,0.435746,-1.86113,-0.933802,-0.0095344,-0.00702736,0.357593,1,0,-0.5,0,0,0,0,0,0,1
1524969724647371951,0.135728,1.06923,-0.131705,0.0163443,-0.0417121,0.109927,0.0523438,0.435746,-1.86113,-0.934401,0.00320661,-0.000806841,0.356206,1,0,-0.5,0,0,0,0,0,0,1
1524969724657364289,0.135627,1.06955,-0.132616,0.0204045,-0.0436763,0.107033,-1.62354,3.7821,-9.63262,-0.933808,-0.00967454,-0.00689992,0.357578,1,0,-0.5,0,0,0,0,0,0,1
1524969724667374190,0.135629,1.06953,-0.132617,0.0204045,-0.0436763,0.107033,-1.62354,3.7821,-9.63262,-0.933786,-0.00952409,-0.00694877,0.357637,1,0,-0.5,0,0,0,0,0,0,1
1524969724677354679,0.135629,1.06954,-0.132628,9.13582e-05,-0.000824937,-0.00073177,1.2926,-3.27903,8.51902,-0.933794,-0.00968992,-0.00701361,0.357612,1,0,-0.5,0,0,0,0,0,0,1
1524969724687359656,0.135466,1.06992,-0.133519,9.13582e-05,-0.000824937,-0.00073177,1.2926,-3.27903,8.51902,-0.934912,-0.00746875,-0.0273476,0.353745,1,0,-0.5,0,0,0,0,0,0,1
1524969724697355323,0.135555,1.0698,-0.1335,-0.00441273,0.0158381,-0.0524708,1.2926,-3.27903,8.51902,-0.935343,-0.00758547,-0.0286209,0.352502,1,0,-0.5,0,0,0,0,0,0,1
1524969724707357311,0.135529,1.06963,-0.132711,0.00847733,-0.0318286,0.103977,0.335474,-1.24028,4.18881,-0.935644,0.00297799,-0.0192539,0.352406,1,0,-0.5,0,0,0,0,0,0,1
1524969724717357364,0.135631,1.06954,-0.132637,0.0002893,0.000311418,-0.000594525,-0.486138,1.90821,-6.20862,-0.933806,-0.0097889,-0.00710507,0.357575,1,0,-0.5,0,0,0,0,0,0,1
1524969724727378841,0.135719,1.06922,-0.131735,0.0103506,-0.0375833,0.10697,-0.486138,1.90821,-6.20862,-0.93439,0.0029836,-0.00118058,0.356239,1,0,-0.5,0,0,0,0,0,0,1
1524969724737355330,0.135533,1.06965,-0.132706,0.0103506,-0.0375833,0.10697,-0.486138,1.90821,-6.20862,-0.935661,0.00281068,-0.0195776,0.352345,1,0,-0.5,0,0,0,0,0,0,1
1524969724747321095,0.135439,1.06992,-0.133552,-0.0171471,0.0426272,-0.111264,-0.704387,1.70945,-4.47077,-0.934924,-0.0075802,-0.0275182,0.353698,1,0,-0.5,0,0,0,0,0,0,1
1524969724757344849,0.135534,1.06964,-0.132705,0.00564907,-0.0165213,0.0499829,1.34612,-3.49274,9.52166,-0.935669,0.00290842,-0.0193005,0.352339,1,0,-0.5,0,0,0,0,0,0,1
1524969724767350309,0.13546,1.06993,-0.13354,-0.00882872,0.0341309,-0.0992322,1.34612,-3.49274,9.52166,-0.934898,-0.00759406,-0.0274493,0.353773,1,0,-0.5,0,0,0,0,0,0,1
1524969724777368624,0.135473,1.06991,-0.133542,-0.00882872,0.0341309,-0.0992322,1.34612,-3.49274,9.52166,-0.934908,-0.00756708,-0.0272195,0.353764,1,0,-0.5,0,0,0,0,0,0,1
1524969724787367323,0.135714,1.0692,-0.131727,0.0156193,-0.0449886,0.111532,0.404299,-1.15436,2.49584,-0.934379,0.00310904,-0.000938632,0.356265,1,0,-0.5,0,0,0,0,0,0,1
1524969724797364970,0.13571,1.06922,-0.131715,-0.000440276,0.00241363,0.00143835,0.404299,-1.15436,2.49584,-0.934403,0.00299756,-0.000698217,0.356204,1,0,-0.5,0,0,0,0,0,0,1
1524969724807378518,0.135448,1.0699,-0.133539,-0.0157359,0.0410696,-0.109315,-1.24484,3.41663,-8.76791,-0.934915,-0.00749464,-0.0273813,0.353735,1,0,-0.5,0,0,0,0,0,0,1
1524969724817347961,0.135456,1.06991,-0.133537,-0.0157359,0.0410696,-0.109315,-1.24484,3.41663,-8.76791,-0.934907,-0.00760892,-0.02743,0.35375,1,0,-0.5,0,0,0,0,0,0,1
1524969724827364622,0.135458,1.06991,-0.133538,0.000659223,0.000573238,6.71763e-05,-1.24484,3.41663,-8.76791,-0.934894,-0.00773306,-0.0275314,0.353773,1,0,-0.5,0,0,0,0,0,0,1
1524969724837347008,0.13552,1.06964,-0.132719,0.000659223,0.000573238,6.71763e-05,0.65905,-1.62787,4.39693,-0.935661,0.00295534,-0.019314,0.352359,1,0,-0.5,0,0,0,0,0,0,1
1524969724847379647,0.135452,1.0699,-0.133531,-0.000385061,-0.000520645,0.000439294,0.65905,-1.62787,4.39693,-0.934912,-0.00751007,-0.027392,0.353742,1,0,-0.5,0,0,0,0,0,0,1
1524969724857373004,0.135716,1.06922,-0.131717,0.000847398,0.000767455,0.000858057,1.72078,-4.74655,12.4033,-0.934399,0.00298514,-0.0009376,0.356215,1,0,-0.5,0,0,0,0,0,0,1
1524969724867364108,0.135624,1.06953,-0.13262,0.000847398,0.000767455,0.000858057,1.72078,-4.74655,12.4033,-0.933788,-0.00982482,-0.00683955,0.357625,1,0,-0.5,0,0,0,0,0,0,1
1524969724877485538,0.135627,1.06954,-0.132622,-0.00540109,0.0193943,-0.0553858,-1.41918,3.9997,-10.7052,-0.933751,-0.00958331,-0.00691348,0.357727,1,0,-0.5,0,0,0,0,0,0,1
1524969724887377482,0.135631,1.06954,-0.132597,-0.00540109,0.0193943,-0.0553858,-1.41918,3.9997,-10.7052,-0.933807,-0.0096226,-0.00655543,0.357587,1,0,-0.5,0,0,0,0,0,0,1
1524969724897374659,0.135627,1.06953,-0.132613,-2.67629e-05,-0.000535257,0.000535257,0.321747,-1.19313,3.34785,-0.93379,-0.0096327,-0.00685639,0.357627,1,0,-0.5,0,0,0,0,0,0,1
1524969724907383755,0.135446,1.06992,-0.133533,-0.0122747,0.0118403,-0.0107106,-0.728311,0.7359,-0.668719,-0.934918,-0.00735469,-0.0271173,0.35375,1,0,-0.5,0,0,0,0,0,0,1
1524969724917358565,0.135634,1.06953,-0.132619,0.00684018,-0.00606983,0.00521548,-0.728311,0.7359,-0.668719,-0.933803,-0.00964394,-0.00700708,0.357588,1,0,-0.5,0,0,0,0,0,0,1
1524969724927379030,0.135646,1.06953,-0.132615,0.00684018,-0.00606983,0.00521548,-0.728311,0.7359,-0.668719,-0.933806,-0.00950885,-0.00706793,0.357583,1,0,-0.5,0,0,0,0,0,0,1
1524969724937362044,0.135624,1.06955,-0.132612,-0.000650116,0.000831565,0.00041943,0.467259,-0.442505,0.447377,-0.933826,-0.0096933,-0.00676248,0.357532,1,0,-0.5,0,0,0,0,0,0,1
1524969724947376441,0.13552,1.06964,-0.132721,-0.0122741,0.0111066,-0.0128817,0.467259,-0.442505,0.447377,-0.93567,0.00292005,-0.0195923,0.352319,1,0,-0.5,0,0,0,0,0,0,1
1524969724957366330,0.135636,1.06956,-0.132622,0.0068913,-0.00498614,0.00586667,0.298179,-0.230026,0.215378,-0.933818,-0.00968385,-0.00686061,0.357551,1,0,-0.5,0,0,0,0,0,0,1
1524969724967538464,0.135526,1.06963,-0.132713,0.0068913,-0.00498614,0.00586667,0.298179,-0.230026,0.215378,-0.935681,0.00286686,-0.0194281,0.352301,1,0,-0.5,0,0,0,0,0,0,1
1524969724977480007,0.135624,1.06952,-0.132628,-0.000742777,-0.00193159,-0.000375075,0.298179,-0.230026,0.215378,-0.933821,-0.009587,-0.00684402,0.357548,1,0,-0.5,0,0,0,0,0,0,1
1524969724987382833,0.13544,1.06993,-0.133528,-0.0215139,0.0474308,-0.105176,-1.14885,2.12001,-4.49114,-0.93492,-0.00753762,-0.0275809,0.353706,1,0,-0.5,0,0,0,0,0,0,1
1524969724997371107,0.135523,1.06963,-0.132702,-0.0215139,0.0474308,-0.105176,-1.14885,2.12001,-4.49114,-0.935657,0.00314486,-0.0192587,0.35237,1,0,-0.5,0,0,0,0,0,0,1
1524969725007372907,0.135628,1.06954,-0.132641,-0.001151,-0.000545764,-0.00173,1.99403,-4.22532,9.51233,-0.933738,-0.00975436,-0.006872,0.357758,1,0,-0.5,0,0,0,0,0,0,1
1524969725017353796,0.135715,1.06922,-0.131711,-0.001151,-0.000545764,-0.00173,1.99403,-4.22532,9.51233,-0.934395,0.00315054,-0.000753208,0.356223,1,0,-0.5,0,0,0,0,0,0,1
1524969725027362106,0.135634,1.06954,-0.132608,0.000350776,0.000424529,0.00196974,-0.457923,0.943405,-2.07116,-0.933813,-0.00959427,-0.00691076,0.357566,1,0,-0.5,0,0,0,0,0,0,1
1524969725037482533,0.135454,1.06992,-0.133537,-0.0214734,0.044916,-0.110772,-0.457923,0.943405,-2.07116,-0.934903,-0.00765311,-0.0275182,0.353752,1,0,-0.5,0,0,0,0,0,0,1
1524969725047560599,0.135621,1.06954,-0.132622,-0.0214734,0.044916,-0.110772,-0.457923,0.943405,-2.07116,-0.933774,-0.00969824,-0.00682986,0.357666,1,0,-0.5,0,0,0,0,0,0,1
1524969725057357945,0.135446,1.06991,-0.133545,-0.000512935,-0.00155081,-0.00137583,-0.0246339,-0.011846,-0.0694126,-0.934926,-0.00750405,-0.0273414,0.353707,1,0,-0.5,0,0,0,0,0,0,1
1524969725067340691,0.135638,1.06953,-0.132597,-0.000512935,-0.00155081,-0.00137583,-0.0149122,-0.0992789,-0.0958574,-0.93379,-0.00963389,-0.00673707,0.357627,1,0,-0.5,0,0,0,0,0,0,1
1524969725077381544,0.13564,1.06952,-0.132633,0.0120016,-0.0237205,0.0561967,-0.0149122,-0.0992789,-0.0958574,-0.933818,-0.00966184,-0.00679225,0.357554,1,0,-0.5,0,0,0,0,0,0,1
1524969725087363740,0.135452,1.06992,-0.133543,-0.0221174,0.0459597,-0.106861,-0.0149122,-0.0992789,-0.0958574,-0.934909,-0.00735497,-0.0272913,0.35376,1,0,-0.5,0,0,0,0,0,0,1
1524969725097374083,0.135623,1.06952,-0.13262,-0.0221174,0.0459597,-0.106861,-0.87485,1.92389,-4.2715,-0.933812,-0.00944633,-0.00689898,0.357573,1,0,-0.5,0,0,0,0,0,0,1
1524969725107367247,0.135624,1.06954,-0.13263,-0.000916829,0.000373651,-0.00279719,1.24804,-2.68357,6.12604,-0.933779,-0.00966945,-0.00693619,0.357652,1,0,-0.5,0,0,0,0,0,0,1
1524969725117357348,0.135523,1.06964,-0.13271,-0.0121566,0.0128751,-0.00954604,1.24804,-2.68357,6.12604,-0.935683,0.00304424,-0.019425,0.352294,1,0,-0.5,0,0,0,0,0,0,1
1524969725127350378,0.13562,1.06954,-0.132628,-0.0121566,0.0128751,-0.00954604,1.24804,-2.68357,6.12604,-0.933798,-0.00961099,-0.00703791,0.357602,1,0,-0.5,0,0,0,0,0,0,1
1524969725137366731,0.135619,1.06951,-0.132636,0.00596574,-0.00811246,0.00454901,0.279922,-0.345139,0.298778,-0.933782,-0.00949476,-0.00676896,0.357652,1,0,-0.5,0,0,0,0,0,0,1
1524969725147357486,0.135627,1.06952,-0.132613,0.000907057,0.000768988,0.00272292,0.279922,-0.345139,0.298778,-0.93378,-0.00971305,-0.00666256,0.357654,1,0,-0.5,0,0,0,0,0,0,1
1524969725157342179,0.135465,1.06991,-0.133535,-0.00969578,0.0234924,-0.0551445,-0.30197,0.530162,-0.109005,-0.934905,-0.00752075,-0.0273977,0.35376,1,0,-0.5,0,0,0,0,0,0,1
1524969725167328823,0.135629,1.06953,-0.132629,-0.00969578,0.0234924,-0.0551445,-0.30197,0.530162,-0.109005,-0.933781,-0.00961077,-0.00697735,0.357648,1,0,-0.5,0,0,0,0,0,0,1
1524969725177359753,0.13572,1.06922,-0.131725,0.0154548,-0.0421446,0.109653,0.582123,-1.71718,4.2788,-0.934411,0.00316419,-0.000727675,0.356183,1,0,-0.5,0,0,0,0,0,0,1
1524969725187352928,0.135621,1.0695,-0.13271,0.0154548,-0.0421446,0.109653,0.582123,-1.71718,4.2788,-0.936258,0.00266098,-0.0211325,0.350667,1,0,-0.5,0,0,0,0,0,0,1
1524969725197360229,0.135632,1.06953,-0.13265,-0.00525807,0.018571,-0.0549587,-1.23064,3.60739,-9.78036,-0.93377,-0.00960387,-0.006923,0.357679,1,0,-0.5,0,0,0,0,0,0,1
1524969725207371471,0.135503,1.06965,-0.132713,0.00930242,-0.0119867,0.00734345,-1.23064,3.60739,-9.78036,-0.935668,0.00302189,-0.0193221,0.352339,1,0,-0.5,0,0,0,0,0,0,1
1524969725217361192,0.135631,1.06954,-0.132629,-0.00479732,0.00655526,-0.00245642,0.0184627,-0.481485,2.10383,-0.933795,-0.0096978,-0.00685386,0.357611,1,0,-0.5,0,0,0,0,0,0,1
1524969725227372600,0.135707,1.06942,-0.132585,-0.00479732,0.00655526,-0.00245642,0.0184627,-0.481485,2.10383,-0.934177,-0.00962197,-0.00740742,0.356604,1,0,-0.5,0,0,0,0,0,0,1
1524969725237429377,0.135628,1.06953,-0.132614,-0.000161505,-0.00034264,0.000893183,0.277596,-0.41305,0.200576,-0.933798,-0.00955493,-0.0069802,0.357606,1,0,-0.5,0,0,0,0,0,0,1
1524969725247372469,0.13544,1.06993,-0.133549,-0.000161505,-0.00034264,0.000893183,0.277596,-0.41305,0.200576,-0.934893,-0.00776757,-0.0274802,0.353779,1,0,-0.5,0,0,0,0,0,0,1
1524969725257316408,0.135639,1.06952,-0.13262,-0.00933724,0.034439,-0.103857,0.324497,-1.03565,3.00891,-0.933811,-0.00948811,-0.00701212,0.357572,1,0,-0.5,0,0,0,0,0,0,1
1524969725267364306,0.13563,1.06954,-0.132622,-0.00933724,0.034439,-0.103857,0.324497,-1.03565,3.00891,-0.933756,-0.00959724,-0.00698675,0.357714,1,0,-0.5,0,0,0,0,0,0,1
1524969725277454531,0.135627,1.06953,-0.132607,-0.000697779,0.000519447,0.000779171,-0.242841,0.740695,-2.0553,-0.933824,-0.00967971,-0.00669055,0.357539,1,0,-0.5,0,0,0,0,0,0,1
1524969725287355989,0.135625,1.06953,-0.132626,-0.000251732,0.000326188,-0.00222127,-0.242841,0.740695,-2.0553,-0.933815,-0.00953303,-0.00699863,0.357561,1,0,-0.5,0,0,0,0,0,0,1
1524969725297378842,0.135518,1.06964,-0.132721,-0.000251732,0.000326188,-0.00222127,-0.242841,0.740695,-2.0553,-0.935637,0.00283968,-0.019475,0.352413,1,0,-0.5,0,0,0,0,0,0,1
1524969725307364005,0.135533,1.06981,-0.133518,-0.000121704,0.00403264,-0.0106565,0.0224421,0.136863,-0.445498,-0.935336,-0.007569,-0.0289949,0.352489,1,0,-0.5,0,0,0,0,0,0,1
1524969725317365008,0.135451,1.06991,-0.133536,-0.010797,0.0192969,-0.0455822,0.0224421,0.136863,-0.445498,-0.934884,-0.0075565,-0.0273148,0.35382,1,0,-0.5,0,0,0,0,0,0,1
1524969725327376352,0.135439,1.06991,-0.133544,-0.010797,0.0192969,-0.0455822,-0.440521,0.62989,-1.44123,-0.93492,-0.00747066,-0.0272893,0.35373,1,0,-0.5,0,0,0,0,0,0,1
1524969725337346638,0.135633,1.06952,-0.132625,0.0110202,-0.023455,0.0551381,-0.440521,0.62989,-1.44123,-0.933767,-0.0095066,-0.00701373,0.357686,1,0,-0.5,0,0,0,0,0,0,1
1524969725347374316,0.135623,1.06954,-0.132618,-0.0012025,0.00246125,0.000808697,0.57519,-1.0093,2.78114,-0.933795,-0.00962471,-0.00685799,0.357613,1,0,-0.5,0,0,0,0,0,0,1
1524969725357317156,0.135519,1.06964,-0.132711,-0.00610659,0.00563631,-0.00549066,-0.288754,0.186948,-0.370907,-0.935678,0.00309814,-0.019255,0.352316,1,0,-0.5,0,0,0,0,0,0,1
1524969725367371323,0.135452,1.06992,-0.133535,-0.00610659,0.00563631,-0.00549066,-0.288754,0.186948,-0.370907,-0.934906,-0.00747882,-0.0273084,0.353765,1,0,-0.5,0,0,0,0,0,0,1
1524969725377375204,0.135815,1.0691,-0.131694,0.0179622,-0.032731,0.0618727,-0.288754,0.186948,-0.370907,-0.934947,0.00282878,-0.00157288,0.354774,1,0,-0.5,0,0,0,0,0,0,1
1524969725387368471,0.135531,1.0698,-0.133518,0.0179622,-0.032731,0.0618727,0.97617,-1.55608,2.73209,-0.935356,-0.00762877,-0.0287717,0.352452,1,0,-0.5,0,0,0,0,0,0,1
1524969725397358313,0.135637,1.06953,-0.132614,-0.0104551,0.0252448,-0.0539667,0.97617,-1.55608,2.73209,-0.93382,-0.00951466,-0.00712628,0.357547,1,0,-0.5,0,0,0,0,0,0,1
1524969725407359492,0.135623,1.06952,-0.13261,-0.000862591,-0.000834884,0.00023458,-0.753773,1.27717,-2.46808,-0.933772,-0.00962804,-0.00670246,0.357677,1,0,-0.5,0,0,0,0,0,0,1
1524969725417338303,0.135499,1.06964,-0.132724,-0.0146048,0.0142582,-0.0133732,-0.753773,1.27717,-2.46808,-0.935653,0.00307897,-0.0194919,0.352368,1,0,-0.5,0,0,0,0,0,0,1
1524969725427344086,0.135715,1.06922,-0.131722,-0.0146048,0.0142582,-0.0133732,-0.821956,0.902755,-0.813917,-0.934407,0.00310125,-0.000773437,0.356194,1,0,-0.5,0,0,0,0,0,0,1
1524969725437352969,0.135717,1.06942,-0.132594,0.0130723,-0.0133471,0.00778521,-0.821956,0.902755,-0.813917,-0.934179,-0.00937654,-0.00725054,0.356608,1,0,-0.5,0,0,0,0,0,0,1
1524969725447384446,0.13545,1.06992,-0.133542,-0.0318949,0.0600266,-0.113504,-1.03202,2.73185,-5.97665,-0.93488,-0.00761915,-0.0275576,0.35381,1,0,-0.5,0,0,0,0,0,0,1
1524969725457366170,0.135624,1.06951,-0.132703,0.0103855,-0.0244787,0.0500727,2.52163,-5.03994,9.75581,-0.936236,0.00279862,-0.0213264,0.350712,1,0,-0.5,0,0,0,0,0,0,1
1524969725467384926,0.135636,1.06954,-0.132623,0.0103855,-0.0244787,0.0500727,2.52163,-5.03994,9.75581,-0.933829,-0.00970754,-0.00703335,0.357518,1,0,-0.5,0,0,0,0,0,0,1
1524969725477362518,0.135528,1.06965,-0.132724,-0.00585838,0.00846541,-0.00127053,2.52163,-5.03994,9.75581,-0.935641,0.00309581,-0.0194254,0.352405,1,0,-0.5,0,0,0,0,0,0,1
1524969725487380210,0.13562,1.06954,-0.132611,0.0107852,-0.012547,0.0131691,0.015962,0.476489,-1.47374,-0.933814,-0.00953691,-0.006531,0.357573,1,0,-0.5,0,0,0,0,0,0,1
1524969725497371787,0.135451,1.06991,-0.133538,0.0107852,-0.012547,0.0131691,0.015962,0.476489,-1.47374,-0.934886,-0.00744862,-0.0272652,0.353821,1,0,-0.5,0,0,0,0,0,0,1
1524969725507369780,0.135633,1.06953,-0.132616,0.0128756,-0.0113133,0.010176,-0.982633,1.06344,-1.10676,-0.933791,-0.00954983,-0.00693491,0.357624,1,0,-0.5,0,0,0,0,0,0,1
1524969725517349534,0.135518,1.06962,-0.132705,0.0128756,-0.0113133,0.010176,-0.982633,1.06344,-1.10676,-0.93563,0.00319006,-0.0190954,0.352451,1,0,-0.5,0,0,0,0,0,0,1
1524969725527366950,0.135678,1.06906,-0.131702,0.00277275,-0.0291472,0.0560498,0.342993,-1.39181,2.48255,-0.935023,0.00296651,-0.00192732,0.354569,1,0,-0.5,0,0,0,0,0,0,1
1524969725537340631,0.135636,1.06953,-0.132631,0.00277275,-0.0291472,0.0560498,0.342993,-1.39181,2.48255,-0.933789,-0.00952692,-0.00693729,0.357629,1,0,-0.5,0,0,0,0,0,0,1
1524969725547372010,0.135723,1.06923,-0.131728,0.00269934,0.0102494,-0.00155604,0.342993,-1.39181,2.48255,-0.934403,0.00305573,-0.00073703,0.356204,1,0,-0.5,0,0,0,0,0,0,1
1524969725557353848,0.135521,1.06964,-0.132727,-0.0119645,0.024269,-0.0593575,-0.00296829,1.59296,-2.32923,-0.935671,0.00287365,-0.019481,0.352323,1,0,-0.5,0,0,0,0,0,0,1
1524969725567367916,0.135439,1.06993,-0.13352,-0.0119645,0.024269,-0.0593575,-0.00296829,1.59296,-2.32923,-0.934913,-0.00761657,-0.0273283,0.35374,1,0,-0.5,0,0,0,0,0,0,1
1524969725577349442,0.135453,1.06991,-0.133533,-0.00418014,0.0167712,-0.0489069,-0.272736,0.258554,-1.87722,-0.934884,-0.0075758,-0.0273178,0.353819,1,0,-0.5,0,0,0,0,0,0,1
1524969725587372586,0.135444,1.06991,-0.133537,-0.00418014,0.0167712,-0.0489069,-0.272736,0.258554,-1.87722,-0.934911,-0.00747191,-0.0273321,0.353748,1,0,-0.5,0,0,0,0,0,0,1
1524969725597361198,0.135637,1.06954,-0.132625,0.0111557,-0.0227517,0.0549501,-0.272736,0.258554,-1.87722,-0.933828,-0.00944229,-0.00696164,0.357529,1,0,-0.5,0,0,0,0,0,0,1
1524969725607367756,0.135451,1.06991,-0.133531,-0.0300373,0.0780196,-0.210513,0.514099,-2.09276,6.265,-0.934913,-0.00751226,-0.0272567,0.35375,1,0,-0.5,0,0,0,0,0,0,1
1524969725617345326,0.135619,1.06953,-0.132608,-0.0300373,0.0780196,-0.210513,-2.28369,6.69956,-18.7728,-0.933806,-0.00961278,-0.0067874,0.357586,1,0,-0.5,0,0,0,0,0,0,1
1524969725627549741,0.135611,1.06955,-0.132606,0.00963516,-0.0217552,0.0557905,-2.28369,6.69956,-18.7728,-0.933793,-0.00959252,-0.00677268,0.357621,1,0,-0.5,0,0,0,0,0,0,1
1524969725637367958,0.135437,1.06992,-0.133529,0.00963516,-0.0217552,0.0557905,-2.28369,6.69956,-18.7728,-0.934885,-0.0074857,-0.0274362,0.353811,1,0,-0.5,0,0,0,0,0,0,1
1524969725647389525,0.135515,1.06963,-0.13272,-0.00581706,0.00510563,-0.00691087,0.978247,-2.94497,8.22342,-0.935665,0.00303758,-0.0192187,0.352354,1,0,-0.5,0,0,0,0,0,0,1
1524969725657355691,0.135445,1.06992,-0.133538,-0.030928,0.0817806,-0.210495,-1.48294,4.52808,-12.0228,-0.934893,-0.00762566,-0.0275365,0.353777,1,0,-0.5,0,0,0,0,0,0,1
1524969725667381915,0.135626,1.06953,-0.132604,-0.030928,0.0817806,-0.210495,-1.48294,4.52808,-12.0228,-0.933795,-0.00966677,-0.0069127,0.357612,1,0,-0.5,0,0,0,0,0,0,1
1524969725677346465,0.135447,1.06991,-0.133526,0.00014946,-0.000437444,0.000765527,-1.48294,4.52808,-12.0228,-0.934909,-0.00756303,-0.0273752,0.35375,1,0,-0.5,0,0,0,0,0,0,1
1524969725687528532,0.135701,1.06922,-0.131722,0.00014946,-0.000437444,0.000765527,1.25914,-3.33117,8.55951,-0.934408,0.00301617,-0.000886515,0.356191,1,0,-0.5,0,0,0,0,0,0,1
1524969725697357199,0.135427,1.06991,-0.133539,-0.00118583,-0.000277762,-0.000811028,1.25914,-3.33117,8.55951,-0.934937,-0.00740863,-0.027196,0.353693,1,0,-0.5,0,0,0,0,0,0,1
1524969725707363243,0.135717,1.06924,-0.131708,0.0115254,-0.0304003,0.119287,1.3484,-2.86622,5.76439,-0.934399,0.00291089,-0.000751245,0.356215,1,0,-0.5,0,0,0,0,0,0,1
1524969725717355078,0.135631,1.06953,-0.132613,0.0115254,-0.0304003,0.119287,1.3484,-2.86622,5.76439,-0.933791,-0.00956073,-0.006986,0.357623,1,0,-0.5,0,0,0,0,0,0,1
1524969725727545171,0.135517,1.06964,-0.132707,-0.0122165,0.0244475,-0.0608818,-1.41028,2.94143,-6.38226,-0.935653,0.00290745,-0.0193968,0.352377,1,0,-0.5,0,0,0,0,0,0,1
1524969725737350327,0.135703,1.06921,-0.131712,-0.0122165,0.0244475,-0.0608818,-1.41028,2.94143,-6.38226,-0.934377,0.00318358,-0.00054869,0.356271,1,0,-0.5,0,0,0,0,0,0,1
1524969725747373347,0.135443,1.06991,-0.13353,-0.00444972,0.0163704,-0.0497865,-1.41028,2.94143,-6.38226,-0.934905,-0.00746437,-0.0272242,0.353773,1,0,-0.5,0,0,0,0,0,0,1
1524969725757356431,0.135635,1.06954,-0.132626,0.00137898,0.001841,-0.00264998,1.3297,-2.8102,6.76638,-0.933809,-0.00950618,-0.00708745,0.357574,1,0,-0.5,0,0,0,0,0,0,1
1524969725767377988,0.135709,1.06942,-0.132574,0.00137898,0.001841,-0.00264998,-1.1812,2.86337,-6.66675,-0.934174,-0.00968415,-0.00736921,0.356611,1,0,-0.5,0,0,0,0,0,0,1
1524969725777367406,0.135526,1.06964,-0.132716,-0.00655249,0.00621725,-0.00542037,-1.1812,2.86337,-6.66675,-0.935661,0.00274301,-0.0193274,0.352361,1,0,-0.5,0,0,0,0,0,0,1
1524969725787354582,0.135629,1.06955,-0.132613,0.0119181,-0.0105387,0.0118526,0.62025,-0.728571,0.853507,-0.933817,-0.0095405,-0.00676558,0.35756,1,0,-0.5,0,0,0,0,0,0,1
1524969725797358971,0.135637,1.06953,-0.13263,0.0119181,-0.0105387,0.0118526,0.62025,-0.728571,0.853507,-0.933825,-0.00954713,-0.0069834,0.357535,1,0,-0.5,0,0,0,0,0,0,1
1524969725807376055,0.135537,1.0698,-0.133528,0.0109653,-0.0140464,0.0016915,-0.0384845,-0.141674,-0.410399,-0.935352,-0.00764172,-0.0291269,0.352434,1,0,-0.5,0,0,0,0,0,0,1
1524969725817352075,0.135715,1.06922,-0.131719,0.0109653,-0.0140464,0.0016915,-0.0384845,-0.141674,-0.410399,-0.934388,0.00303949,-0.000789388,0.356244,1,0,-0.5,0,0,0,0,0,0,1
1524969725827374398,0.13563,1.06952,-0.132618,0.00565096,-0.0166378,0.0556318,-0.0384845,-0.141674,-0.410399,-0.933787,-0.00951313,-0.0067619,0.35764,1,0,-0.5,0,0,0,0,0,0,1
1524969725837356582,0.135699,1.06923,-0.131715,0.00565096,-0.0166378,0.0556318,-0.21632,-0.105485,2.19565,-0.934393,0.00305608,-0.000765918,0.356231,1,0,-0.5,0,0,0,0,0,0,1
1524969725847380874,0.135637,1.06954,-0.132626,0.000457707,0.000816067,-0.000509155,-0.21632,-0.105485,2.19565,-0.933769,-0.00968403,-0.00718821,0.357673,1,0,-0.5,0,0,0,0,0,0,1
1524969725857372870,0.13553,1.06962,-0.132705,-0.0223519,0.0256902,-0.0133494,0.241906,0.0553753,-3.03683,-0.935641,0.00324475,-0.0190317,0.352425,1,0,-0.5,0,0,0,0,0,0,1
1524969725867373193,0.135453,1.0699,-0.133526,-0.0223519,0.0256902,-0.0133494,0.241906,0.0553753,-3.03683,-0.934907,-0.00758587,-0.0272419,0.353765,1,0,-0.5,0,0,0,0,0,0,1
1524969725877362300,0.13551,1.06964,-0.1327,-0.00122875,0.00104651,0.00030403,-0.44023,0.67061,-0.148691,-0.935659,0.00297128,-0.0193099,0.352364,1,0,-0.5,0,0,0,0,0,0,1
1524969725887522203,0.135716,1.06941,-0.132581,0.0246649,-0.0274615,0.014349,-0.44023,0.67061,-0.148691,-0.934174,-0.00944102,-0.007151,0.356622,1,0,-0.5,0,0,0,0,0,0,1
1524969725897378416,0.135713,1.06922,-0.131712,-0.000306502,-0.0221964,0.103883,0.0552207,-1.3917,6.2019,-0.934433,0.00296155,-0.000939309,0.356127,1,0,-0.5,0,0,0,0,0,0,1
1524969725907377104,0.13562,1.06952,-0.132601,-0.000850518,-0.00106983,0.00225557,-0.0324127,1.25873,-6.05498,-0.933793,-0.00954877,-0.00673783,0.357623,1,0,-0.5,0,0,0,0,0,0,1
1524969725917349668,0.13552,1.06965,-0.132717,-0.000850518,-0.00106983,0.00225557,-0.0324127,1.25873,-6.05498,-0.935684,0.00281871,-0.0195236,0.352287,1,0,-0.5,0,0,0,0,0,0,1
1524969725927358959,0.135455,1.06991,-0.133533,-0.00982237,0.0231423,-0.0553393,-0.533125,1.43873,-3.4224,-0.93493,-0.00734403,-0.0273117,0.353704,1,0,-0.5,0,0,0,0,0,0,1
1524969725937320799,0.135508,1.06965,-0.132712,-0.00982237,0.0231423,-0.0553393,-0.533125,1.43873,-3.4224,-0.935678,0.00289464,-0.0194434,0.352308,1,0,-0.5,0,0,0,0,0,0,1
1524969725947390430,0.135511,1.06963,-0.132704,0.003524,-0.0175694,0.0521427,-0.533125,1.43873,-3.4224,-0.935642,0.00296181,-0.0194244,0.352404,1,0,-0.5,0,0,0,0,0,0,1
1524969725957391313,0.135445,1.06991,-0.133545,-0.0228867,0.0444594,-0.107524,0.973448,-1.36063,2.58896,-0.934954,-0.00759441,-0.027448,0.353624,1,0,-0.5,0,0,0,0,0,0,1
1524969725967368645,0.135715,1.06922,-0.13172,-0.0228867,0.0444594,-0.107524,0.973448,-1.36063,2.58896,-0.934391,0.00305718,-0.000639938,0.356235,1,0,-0.5,0,0,0,0,0,0,1
1524969725977369384,0.135454,1.06992,-0.133529,0.000558989,0.00050667,0.000966528,-0.560009,0.455524,-0.333722,-0.934905,-0.00759105,-0.0272734,0.353768,1,0,-0.5,0,0,0,0,0,0,1
1524969725987363781,0.135448,1.06991,-0.133545,0.000558989,0.00050667,0.000966528,-0.560009,0.455524,-0.333722,-0.934923,-0.00770746,-0.0275158,0.353698,1,0,-0.5,0,0,0,0,0,0,1
1524969725997361970,0.135705,1.06939,-0.132581,0.0151437,-0.0318212,0.0571967,-0.560009,0.455524,-0.333722,-0.934143,-0.00964537,-0.00720949,0.356697,1,0,-0.5,0,0,0,0,0,0,1
1524969726007384746,0.135438,1.06991,-0.133548,-0.0317144,0.0621476,-0.113524,-1.29124,2.46622,-4.5807,-0.934928,-0.00740539,-0.0273192,0.353708,1,0,-0.5,0,0,0,0,0,0,1
1524969726017365199,0.135437,1.06991,-0.133537,-8.85353e-05,-0.000536578,-1.07316e-05,-1.29124,2.46622,-4.5807,-0.934914,-0.00753986,-0.0272592,0.353747,1,0,-0.5,0,0,0,0,0,0,1
1524969726027368766,0.135503,1.06963,-0.132707,-8.85353e-05,-0.000536578,-1.07316e-05,1.27671,-2.53051,4.58243,-0.93565,0.00332022,-0.0192116,0.35239,1,0,-0.5,0,0,0,0,0,0,1
1524969726037364428,0.135438,1.06992,-0.133545,6.58365e-05,0.000676159,-0.000502671,1.27671,-2.53051,4.58243,-0.93492,-0.00760701,-0.0274195,0.353717,1,0,-0.5,0,0,0,0,0,0,1
1524969726047351563,0.135442,1.06991,-0.13354,6.58365e-05,0.000676159,-0.000502671,1.27671,-2.53051,4.58243,-0.934887,-0.00752274,-0.0274059,0.353807,1,0,-0.5,0,0,0,0,0,0,1
1524969726057348115,0.135523,1.06964,-0.132716,0.0162203,-0.0417702,0.109317,0.640613,-1.61967,4.29443,-0.93567,0.00293007,-0.0192339,0.35234,1,0,-0.5,0,0,0,0,0,0,1
1524969726067351445,0.135621,1.06953,-0.132607,-0.00544304,0.0193217,-0.0546892,0.640613,-1.61967,4.29443,-0.933786,-0.00960216,-0.00667422,0.35764,1,0,-0.5,0,0,0,0,0,0,1
1524969726077362191,0.13569,1.06923,-0.131712,-0.00544304,0.0193217,-0.0546892,-0.880074,2.48187,-6.66278,-0.934406,0.00314949,-0.000721491,0.356196,1,0,-0.5,0,0,0,0,0,0,1
1524969726087364988,0.135446,1.06992,-0.133541,-0.0108014,0.0236589,-0.0575423,-0.880074,2.48187,-6.66278,-0.934909,-0.00739509,-0.0273774,0.353753,1,0,-0.5,0,0,0,0,0,0,1
1524969726097360529,0.135514,1.06964,-0.132711,0.00779801,-0.0314522,0.0953304,0.789232,-3.02637,8.94191,-0.935675,0.00273734,-0.0195719,0.35231,1,0,-0.5,0,0,0,0,0,0,1
1524969726107357798,0.135516,1.06964,-0.132716,0.000156293,-0.000163397,-0.000301042,-0.455404,1.86464,-5.69912,-0.935651,0.00299486,-0.0194829,0.352375,1,0,-0.5,0,0,0,0,0,0,1
1524969726117355176,0.135441,1.06991,-0.133538,0.000156293,-0.000163397,-0.000301042,-0.455404,1.86464,-5.69912,-0.934915,-0.00771036,-0.0274005,0.353729,1,0,-0.5,0,0,0,0,0,0,1
1524969726127348816,0.135437,1.06992,-0.133541,-0.00474107,0.0166774,-0.0495615,-0.455404,1.86464,-5.69912,-0.934933,-0.0076024,-0.0273609,0.353686,1,0,-0.5,0,0,0,0,0,0,1
1524969726137356728,0.135618,1.06953,-0.132622,-0.00474107,0.0166774,-0.0495615,-0.196791,0.676715,-1.97944,-0.933768,-0.00960034,-0.0069549,0.357682,1,0,-0.5,0,0,0,0,0,0,1
1524969726147368051,0.135626,1.06953,-0.132624,0.0113753,-0.0233119,0.0553532,-0.196791,0.676715,-1.97944,-0.933796,-0.00961462,-0.00693588,0.35761,1,0,-0.5,0,0,0,0,0,0,1
1524969726157348740,0.135621,1.06953,-0.132606,-0.000283361,-0.000128719,0.00109948,0.178294,-0.672192,2.02628,-0.933823,-0.00968621,-0.00675575,0.357541,1,0,-0.5,0,0,0,0,0,0,1
1524969726167362341,0.135517,1.06963,-0.13271,-0.0124067,0.0120264,-0.0123536,0.178294,-0.672192,2.02628,-0.935671,0.00295402,-0.0194261,0.352325,1,0,-0.5,0,0,0,0,0,0,1
1524969726177348508,0.135628,1.06953,-0.132621,-0.0124067,0.0120264,-0.0123536,0.178294,-0.672192,2.02628,-0.933779,-0.00967851,-0.00688453,0.357652,1,0,-0.5,0,0,0,0,0,0,1
1524969726187365322,0.135438,1.0699,-0.133545,-0.00475243,0.0164172,-0.0506854,-0.179577,0.664849,-2.08083,-0.93492,-0.00778222,-0.0272328,0.353726,1,0,-0.5,0,0,0,0,0,0,1
1524969726197348301,0.135639,1.06953,-0.132619,0.0240482,-0.0444822,0.110753,-0.179577,0.664849,-2.08083,-0.93383,-0.00969385,-0.00698239,0.357518,1,0,-0.5,0,0,0,0,0,0,1
1524969726207364598,0.135721,1.06922,-0.131736,0.00482591,-0.0184653,0.0523572,0.379925,-1.38361,4.08718,-0.934394,0.00300741,-0.0011104,0.356228,1,0,-0.5,0,0,0,0,0,0,1
1524969726217355140,0.135691,1.06922,-0.131725,0.00482591,-0.0184653,0.0523572,0.379925,-1.38361,4.08718,-0.934401,0.0031055,-0.00068652,0.356208,1,0,-0.5,0,0,0,0,0,0,1
1524969726227368733,0.135507,1.06964,-0.132726,-0.0129968,0.0253822,-0.0600556,0.379925,-1.38361,4.08718,-0.935656,0.0030728,-0.0193488,0.35237,1,0,-0.5,0,0,0,0,0,0,1
1524969726237495973,0.135686,1.0692,-0.131709,0.0209798,-0.0506553,0.11892,0.64538,-1.28606,2.65931,-0.934418,0.00317204,-0.000537311,0.356164,1,0,-0.5,0,0,0,0,0,0,1
1524969726247381858,0.135708,1.06922,-0.131717,0.0209798,-0.0506553,0.11892,0.64538,-1.28606,2.65931,-0.934428,0.00296651,-0.000798355,0.35614,1,0,-0.5,0,0,0,0,0,0,1
1524969726257356390,0.135693,1.06921,-0.131719,0.0293406,-0.0799375,0.212497,0.333899,-1.16942,3.7371,-0.93438,0.00299729,-0.00068312,0.356266,1,0,-0.5,0,0,0,0,0,0,1
1524969726267378578,0.135617,1.06952,-0.132616,0.0293406,-0.0799375,0.212497,0.333899,-1.16942,3.7371,-0.933797,-0.0096192,-0.0068433,0.357609,1,0,-0.5,0,0,0,0,0,0,1
1524969726277367079,0.135702,1.06922,-0.131723,0.000549943,0.000299637,-0.000273145,0.333899,-1.16942,3.7371,-0.934394,0.00305952,-0.000706338,0.356226,1,0,-0.5,0,0,0,0,0,0,1
1524969726287348811,0.135532,1.0698,-0.133523,-0.0195052,0.0662972,-0.206961,-1.9534,5.8481,-16.7746,-0.935377,-0.00744013,-0.0289446,0.352386,1,0,-0.5,0,0,0,0,0,0,1
1524969726297377946,0.135515,1.06963,-0.132716,-0.0195052,0.0662972,-0.206961,-1.9534,5.8481,-16.7746,-0.935684,0.00303044,-0.0194547,0.352288,1,0,-0.5,0,0,0,0,0,0,1
1524969726307370274,0.135449,1.06992,-0.13355,-0.0305405,0.0835255,-0.215371,-0.443742,0.692773,-0.338175,-0.934887,-0.00764765,-0.0276007,0.353789,1,0,-0.5,0,0,0,0,0,0,1
1524969726317358874,0.135427,1.06992,-0.133568,-0.0305405,0.0835255,-0.215371,-0.443742,0.692773,-0.338175,-0.934941,-0.00750092,-0.0274903,0.353658,1,0,-0.5,0,0,0,0,0,0,1
1524969726327375292,0.135626,1.06952,-0.132632,0.0104258,-0.0235587,0.0540308,2.41166,-6.30399,15.8595,-0.933792,-0.00959668,-0.00692059,0.35762,1,0,-0.5,0,0,0,0,0,0,1
1524969726337356504,0.13545,1.06992,-0.133535,0.0104258,-0.0235587,0.0540308,2.41166,-6.30399,15.8595,-0.934941,-0.00765408,-0.0273516,0.353664,1,0,-0.5,0,0,0,0,0,0,1
1524969726347382457,0.135502,1.06963,-0.132712,-0.0076413,0.00695281,-0.0049249,2.41166,-6.30399,15.8595,-0.935681,0.00301789,-0.019676,0.352286,1,0,-0.5,0,0,0,0,0,0,1
1524969726357356515,0.135511,1.06963,-0.132707,0.000573376,-0.000467917,0.00030131,-0.737447,1.24539,-2.4064,-0.935663,0.00291175,-0.0193279,0.352353,1,0,-0.5,0,0,0,0,0,0,1
1524969726367362137,0.135508,1.06962,-0.132715,0.000573376,-0.000467917,0.00030131,-0.737447,1.24539,-2.4064,-0.935647,0.00302096,-0.0193113,0.352397,1,0,-0.5,0,0,0,0,0,0,1
1524969726377368505,0.135695,1.06941,-0.132604,0.0112489,-0.0132789,0.00630218,0.758135,-0.811972,0.450584,-0.934156,-0.00949305,-0.00771598,0.356656,1,0,-0.5,0,0,0,0,0,0,1
1524969726387367966,0.135516,1.06964,-0.132708,-0.0205301,0.026719,-0.0119008,0.758135,-0.811972,0.450584,-0.935671,0.00285823,-0.0195475,0.352319,1,0,-0.5,0,0,0,0,0,0,1
1524969726397360265,0.135502,1.06963,-0.132711,-0.0205301,0.026719,-0.0119008,-1.88532,2.37292,-1.07991,-0.935663,0.00290234,-0.0193717,0.35235,1,0,-0.5,0,0,0,0,0,0,1
1524969726407359139,0.135434,1.06991,-0.133541,-0.0418415,0.100241,-0.220769,-1.88532,2.37292,-1.07991,-0.934905,-0.00747278,-0.0272868,0.353769,1,0,-0.5,0,0,0,0,0,0,1
1524969726417354704,0.13551,1.06963,-0.132716,0.00854713,-0.0320339,0.0938507,1.15377,-2.33129,4.19617,-0.935657,0.00299511,-0.0193313,0.352369,1,0,-0.5,0,0,0,0,0,0,1
1524969726427369917,0.135702,1.06923,-0.1317,0.00854713,-0.0320339,0.0938507,1.15377,-2.33129,4.19617,-0.934396,0.00307732,-0.000376035,0.356222,1,0,-0.5,0,0,0,0,0,0,1
1524969726437303537,0.135503,1.06964,-0.132724,-0.000397858,0.000255505,-0.000487285,1.15377,-2.33129,4.19617,-0.935669,0.00289122,-0.0194395,0.352331,1,0,-0.5,0,0,0,0,0,0,1
1524969726447323934,0.135706,1.06922,-0.131717,0.0242011,-0.0500457,0.120138,0.633579,-0.72901,1.06393,-0.934391,0.00303076,-0.000746187,0.356235,1,0,-0.5,0,0,0,0,0,0,1
1524969726457304860,0.13562,1.06952,-0.132608,-0.00515561,0.0181397,-0.0534118,-1.7594,4.08648,-10.4011,-0.933794,-0.00962208,-0.00683541,0.357617,1,0,-0.5,0,0,0,0,0,0,1
1524969726467300491,0.135719,1.06922,-0.131731,-0.00515561,0.0181397,-0.0534118,-1.7594,4.08648,-10.4011,-0.934419,0.00295188,-0.000962083,0.356163,1,0,-0.5,0,0,0,0,0,0,1
1524969726477289787,0.135512,1.06964,-0.132707,-0.00644787,0.00701272,-0.00590433,-0.0770212,-0.66319,2.83153,-0.935679,0.00297576,-0.0193073,0.352311,1,0,-0.5,0,0,0,0,0,0,1
1524969726487351690,0.13563,1.06952,-0.132612,-0.00644787,0.00701272,-0.00590433,-0.0770212,-0.66319,2.83153,-0.933804,-0.00958319,-0.00690973,0.35759,1,0,-0.5,0,0,0,0,0,0,1
1524969726497365871,0.135506,1.06962,-0.132721,-0.000313528,-0.000912082,-0.000823902,0.366675,-0.473699,0.303678,-0.935653,0.00298677,-0.0194838,0.352371,1,0,-0.5,0,0,0,0,0,0,1
1524969726507359465,0.135451,1.06991,-0.133548,-0.00596694,0.0335035,-0.0973432,0.366675,-0.473699,0.303678,-0.934901,-0.00741816,-0.0272785,0.35378,1,0,-0.5,0,0,0,0,0,0,1
1524969726517362603,0.135712,1.06922,-0.131714,0.0156022,-0.0415915,0.11146,0.639108,-1.63351,4.50882,-0.934422,0.00297681,-0.000727346,0.356153,1,0,-0.5,0,0,0,0,0,0,1
1524969726527375610,0.13563,1.06952,-0.132619,-0.00983968,0.0353828,-0.108644,0.639108,-1.63351,4.50882,-0.933827,-0.00947144,-0.0068963,0.357534,1,0,-0.5,0,0,0,0,0,0,1
1524969726537362818,0.135641,1.06953,-0.132636,-0.00983968,0.0353828,-0.108644,0.639108,-1.63351,4.50882,-0.933823,-0.00952575,-0.00711209,0.357538,1,0,-0.5,0,0,0,0,0,0,1
1524969726547347906,0.135716,1.06922,-0.131728,0.00511506,-0.0177502,0.053043,-0.417175,0.948396,-2.32379,-0.934407,0.00308263,-0.000746452,0.356192,1,0,-0.5,0,0,0,0,0,0,1
1524969726557306418,0.135712,1.06941,-0.132592,-0.000446513,0.0226933,-0.101561,-0.417175,0.948396,-2.32379,-0.934178,-0.00949934,-0.00736616,0.356605,1,0,-0.5,0,0,0,0,0,0,1
1524969726567315218,0.135712,1.06941,-0.132592,-0.000446513,0.0226933,-0.101561,-0.417175,0.948396,-2.32379,-0.934178,-0.00949934,-0.00736616,0.356605,1,0,-0.5,0,0,0,0,0,0,1
1524969726577299317,0.135712,1.06941,-0.132592,-0.000446513,0.0226933,-0.101561,-0.417175,0.948396,-2.32379,-0.934178,-0.00949934,-0.00736616,0.356605,1,0,-0.5,0,0,0,0,0,0,1
1524969726587305544,0.135712,1.06941,-0.132592,-0.000446513,0.0226933,-0.101561,-0.417175,0.948396,-2.32379,-0.934178,-0.00949934,-0.00736616,0.356605,1,0,-0.5,0,0,0,0,0,0,1
1524969726597292241,0.135712,1.06941,-0.132592,-0.000446513,0.0226933,-0.101561,-0.417175,0.948396,-2.32379,-0.934178,-0.00949934,-0.00736616,0.356605,1,0,-0.5,0,0,0,0,0,0,1
1524969726607309661,0.135712,1.06941,-0.132592,-0.000446513,0.0226933,-0.101561,-0.417175,0.948396,-2.32379,-0.934178,-0.00949934,-0.00736616,0.356605,1,0,-0.5,0,0,0,0,0,0,1
1524969726617287365,0.135712,1.06941,-0.132592,-0.000446513,0.0226933,-0.101561,-0.417175,0.948396,-2.32379,-0.934178,-0.00949934,-0.00736616,0.356605,1,0,-0.5,0,0,0,0,0,0,1
1524969726627307705,0.135712,1.06941,-0.132592,-0.000446513,0.0226933,-0.101561,-0.417175,0.948396,-2.32379,-0.934178,-0.00949934,-0.00736616,0.356605,1,0,-0.5,0,0,0,0,0,0,1
1524969726637289828,0.135712,1.06941,-0.132592,-0.000446513,0.0226933,-0.101561,-0.417175,0.948396,-2.32379,-0.934178,-0.00949934,-0.00736616,0.356605,1,0,-0.5,0,0,0,0,0,0,1
